INSERT INTO tblProducts (productId, productTypeId, productName, productPrice, productQuantity, productImg)
VALUES ('P01', 'T01', N'Black Coffee', 7.99, 50, 'https://cafefcdn.com/2017/photo-0-1498280500677.jpg'),
       ('P02', 'T01', N'Milk Coffee', 6.99, 50, 'https://nocarocoffee.com/wp-content/uploads/2014/08/cafe-sua-da.jpg'),
       ('P03', 'T01', N'Mocha', 9.99, 50, 'https://cafedidong.vn/wp-content/uploads/2018/05/CAFEDIDONG-MOCHA-WHIPPING-CREAM-1.jpg'),
       ('P04', 'T01', N'Americano', 11.99, 50, 'https://i0.wp.com/caphekhoanbetong.com/wp-content/uploads/2021/09/cafe-americano-da-nong-ngot-thanh-chuan-my-1.jpg?fit=600%2C600&ssl=1'),
       ('P06', 'T01', N'Espresso', 10.65, 50, 'https://epicure.vn/wp-content/uploads/2020/11/4-yeu-to-cot-loi-de-pha-mot-tach-ca-phe-ngon-khong-the-cuong-lai..jpg'),
       ('P07', 'T01', N'Hot Chocolate', 4.95, 50, 'https://www.tamingtwins.com/wp-content/uploads/2017/12/baileys-slow-cooker-hot-chocolate-recipe-5.jpg'),
       ('P08', 'T01', N'Cappuccino', 6.75, 50, 'https://www.acouplecooks.com/wp-content/uploads/2020/10/how-to-make-cappuccino-005.jpg'),
                            	
	   ('P09', 'T02', N'Blacktea Macchiato', 14.99, 50, 'https://file.hstatic.net/1000075078/file/tra_den_macchiato_lifestyle_e2260046bae242b4b824079a164cccb1.jpg'),
	   ('P10', 'T02', N'Greentea Macchiato', 14.99, 50, 'https://icy-blast.weebly.com/uploads/1/2/9/7/129791098/s251130356343575102_p30_i1_w600.jpeg'),
	   ('P11', 'T02', N'Caffe Macchiato', 12.99, 50, 'https://cdn.tgdd.vn/2021/11/CookDishThumb/macchiato-la-gi-nguon-goc-cach-lam-cach-uong-macchiato-chuan-thumb-620x620.jpg'),
	   ('P12', 'T02', N'Oolong Macchiato', 10.50, 50, 'https://olongha.com/wp-content/uploads/2020/03/img-6539-20170902190549-689x1024.jpg'),
                            
       ('P13', 'T03', N'Choco Ice Blended', 12.35, 50, 'https://botcacao.com/wp-content/uploads/2016/04/Chocolate-Milkshake-with-Chocolate-Wafer-Sticks-and-Whipped-Cream-on-Top-TAG-a-Chocolate-Lover.jpg'),
	   ('P14', 'T03', N'Coconut Chocolate', 10.99, 50, 'https://vhealthcoffee.com.vn/uploads/COOKIES%20%C4%90%C3%81%20XAY.jpg'),
	   ('P15', 'T03', N'Matcha Ice Blended', 11.50, 50, 'https://thecoffeeholic.vn/storage/photos/2/H2M/ice/1.JPG'),
	   ('P16', 'T03', N'Oreo Ice Blended', 8.99, 50, 'https://mcdn.coolmate.me/image/May2022/15-loai-nuoc-uong-giai-khat-mua-he_903.jpg'),
	   ('P17', 'T03', N'Honey Lemon Icy', 9.50, 50, 'https://jarvis.vn/wp-content/uploads/2019/05/tac-da-xay-2.jpg'),
                            
       ('P18', 'T04', N'Peach Tea', 12.50, 50, 'https://file.hstatic.net/1000075078/file/tra_dao_cam_sa_da_abfa3638c55a48e3b0b600df14376a50.jpeg'),
       ('P19', 'T04', N'Orange Lemongrass', 13.99, 50, 'https://product.hstatic.net/1000287491/product/20180717_212447.jpg'),
	   ('P20', 'T04', N'Pinky Peach Tea', 14.00, 50, 'https://api.nguyenlieutrendy.com/uploads/recipe_pictures/1616582196855-tr%C3%A0%20b%C6%B0%E1%BB%9Fi%20h%E1%BB%93ng%20rs.png'),
	   ('P21', 'T04', N'Honey Tea', 12.75, 50, 'https://hoianuong.vn/cach-pha-tra-chanh-mat-ong/imager_3027.jpg'),
	   ('P22', 'T04', N'Orange Strawberry Tea', 14.20, 50, 'https://hipbcoffee.com:8443/storage/public/32-tra-olong-dao-dau-tay-1601000245.png'),
	   ('P23', 'T04', N'Pineapple Tea', 12.99, 50, 'https://phuctea.com.vn/wp-content/uploads/2020/09/7-scaled.jpg'),

	   ('P24', 'T05', N'Mint Milk Tea', 8.99, 50, 'https://d1sag4ddilekf6.azureedge.net/compressed/items/VNITE2020040711445469938/photo/menueditor_item_4fcdcc0853fd4a9c9bfbdd54d764f48e_1586259869782602626.jpg'),
	   ('P25', 'T05', N'Strawberry Milk Tea', 9.50, 50, 'http://product.hstatic.net/200000078599/product/tra_sua_dau_4c6f23b7e77a4eae820b6f37dd835e64_grande.png'),
	   ('P26', 'T05', N'Chocolate Milk Tea', 9.50, 50, 'https://cf.shopee.vn/file/2e2056a42b467989e1246ecc548abae1_tn'),
	   ('P27', 'T05', N'Matcha Milk Tea', 7.25, 50, 'https://cf.shopee.vn/file/de1b7d185d3e735f7d2d77406f05a87c'),
	   ('P28', 'T05', N'Oolong Milk Tea', 10.50, 50, 'https://bizweb.dktcdn.net/100/004/714/files/cach-pha-tra-sua-o-long-thom-ngon-don-gian-3.jpg?v=1524284884907'),
	   
	   ('P29', 'T06', N'Ginger Tea', 6.99, 50, 'http://bacsitieuhoa.com/wp-content/uploads/2017/03/tac-hai-khi-uong-qua-nhieu-tra-gung.jpg'),
	   ('P30', 'T06', N'Green Tea', 8.95, 50, 'https://bhxhhaiphong.vn/cach-nau-la-che-xanh/imager_36664.jpg'),
	   ('P31', 'T06', N'Black Tea', 10.50, 50, 'https://mcdn.nhanh.vn/store/14909/artCT/30136/hong_tra.jpg'),
	   ('P32', 'T06', N'Cinnamon Orange Tea', 11.25, 50, 'https://vcdn.tikicdn.com/ts/tmp/4e/70/84/66b78e1d6cc2da145769bbfe7b48ecae.jpg')

                            
INSERT INTO tblTypes (typeId, typeName)
VALUES	('T01', N'COFFEE'),
		('T02', N'MACCHIATO'),
		('T03', N'ICED BLENDED'),
		('T04', N'FRUIT TEA'),
		('T05', N'MILK TEA'),
		('T06', N'HOT TEA')

INSERT INTO tblRoles (roleId, roleName)
VALUES	('AD', 'Admin'),
		('US', 'User')

INSERT INTO tblUsers(userId, userName, userPhone, userAddress, userEmail, userRoleId, [password])
VALUES ('admin', 'Truong Le Minh', '0789849878', '347/170D LDH P13 Q11 TP.HCM', 'tlminh2104@gmail.com', 'AD', '1'),
	   ('SE160798', 'Minh Truong', '0123456789', '123 ABC P7 Q8 TPHCM', 'student@fpt.vn', 'US', '1'),
	   ('user', 'Tony Stark', '6512347890', '347 BCD P7 Q5 TPHCM', 'studentavc@fpt.vn', 'US', '1')